id;date;amount;payment_type;balance
1;2021-03-08T01:12:40;18398;Guernsey applications;17071
2;2021-03-07T14:49:53;53272;Polarised;9004
3;2021-03-08T06:08:51;1714;Practical;38801
4;2021-03-08T02:00:08;81027;Buckinghamshire lime Tools;44141
5;2021-03-08T02:16:20;46570;product Wooden matrix;94279
6;2021-03-07T20:31:45;606;PNG tan Incredible;67238
7;2021-03-08T06:47:17;15293;Wooden;30137
8;2021-03-08T01:01:05;50235;payment;71713
9;2021-03-08T07:54:02;50944;system engine Pre-emptive;12291
10;2021-03-07T16:02:24;78229;Multi-channelled bandwidth;5290
