id;description;start_date;agree;sign_doc_url
1;Cotton Credit Card Account interface;2021-03-08T11:01:56;true;optical
2;hard drive;2021-03-08T03:02:31;true;networks microchip
3;Cambridgeshire Cape Verde Handmade;2021-03-07T13:26:39;false;Branding
4;Dynamic;2021-03-07T20:01:12;false;withdrawal SQL Pennsylvania
5;zero defect;2021-03-07T15:23:09;true;Corporate SAS
6;Markets Home Loan Account;2021-03-08T06:52:01;true;Chicken
7;application SSL Canada;2021-03-07T12:19:27;true;primary Handcrafted Wooden Ball
8;Regional;2021-03-07T22:20:26;false;Investor
9;scalable Pennsylvania Gorgeous Fresh Computer;2021-03-07T16:05:46;false;Buckinghamshire Borders online
10;bluetooth COM Small Fresh Ball;2021-03-08T00:02:54;true;protocol
